{"nodes":{"node:1":{"location":{"x":760,"y":576}}},"selection":null,"view":{"scroll":{"x":-265.0709228515625,"y":-21.472076416015625},"visible_rect":{"max":{"x":2185.23876953125,"y":1075.37060546875},"min":{"x":-353.42791748046875,"y":-28.6294364929199219}},"zoom":0.75}}